<?xml version="1.0" encoding="UTF-8"?>
<api context="/HelloWorld" name="HelloWorld" xmlns="http://ws.apache.org/ns/synapse">
    <resource methods="GET">
        <inSequence>
            <payloadFactory media-type="json">
                <format>{"Hello":"World"}</format>
                <args/>
            </payloadFactory>
            <log description="payload" level="headers"/>
            <respond/>
        </inSequence>
        <outSequence/>
        <faultSequence/>
    </resource>
</api>
