<?xml version="1.0" encoding="UTF-8"?>
<api context="/HelloWorld" name="HelloWorld" version="1.0.0" version-type="context" xmlns="http://ws.apache.org/ns/synapse">
    <resource methods="GET">
        <inSequence>
            <!--This is generated API skeleton.-->
            <!--Business Logic Goes Here-->
            <payloadFactory media-type="json">
                <format>{"Response" : "Sample Response"}</format>
                <args/>
            </payloadFactory>
            <loopback/>
        </inSequence>
        <outSequence>
            <respond/>
        </outSequence>
        <faultSequence/>
    </resource>
</api>
