<?xml version="1.0" encoding="UTF-8"?><artifacts>
    <artifact name="HelloWorld" groupId="com.example.api" version="1.0.0" type="synapse/api" serverRole="EnterpriseServiceBus">
        <file>src/main/synapse-config/api/HelloWorld.xml</file>
    </artifact>
    <artifact name="HelloWorld_swagger" groupId="com.example.metadata" version="1.0.0" type="synapse/metadata" serverRole="EnterpriseServiceBus">
        <file>src/main/resources/metadata/HelloWorld_swagger.yaml</file>
    </artifact>
    <artifact name="HelloWorld_metadata" groupId="com.example.metadata" version="1.0.0" type="synapse/metadata" serverRole="EnterpriseServiceBus">
        <file>src/main/resources/metadata/HelloWorld_metadata.yaml</file>
    </artifact>
</artifacts>
